Temperature,Humidity
132.0934295654297,0.545501708984375
