Gx[°/s],Gy[°/s],Gz[°/s],Ax[g],Ay[g],Az[g]
-0.07633587786259542,-0.06870229007633588,0.12213740458015267,-0.3876953125,-0.281494140625,-0.008544921875
